 PSA Number , Year ,, Sub-Category , Brand ,,Name with Japanese or English version,Model Code,,,Condition,Graded service & grade number,,,,,
155581139,2025,Trading Cards,Single Cards,Pokemon,,Mega Charizard X ex – Special Art Rare (110/080) (JP),110/080,01,,Grade Card,PSA 10,,1,," ¥ 45,150 ",#DIV/0!
129376620,2021,Trading Cards,Single Cards,Pokemon,,Charizard - Holo pcp 25th anniversary ed. (001-025) (JP),001-025,02,,Grade Card,PSA 10,,1,," ¥ 36,980 ",#DIV/0!
114049706,2014,Trading Cards,Single Cards,Pokemon,,M Charizard ex wild blaze-1st ed (055/080)(JP),055/080,03,,Grade Card,PSA 10,,1,," ¥ 36,120 ",#DIV/0!
129533626,2023,Trading Cards,Single Cards,Pokemon,,Pokemon SV4a JP Mew ex - Special art Rare (347/190) (JP),347/190,04,,Grade Card,PSA 10,,1,," ¥ 34,400 ",#DIV/0!
117227223,2022,Trading Cards,Single Cards,Pokemon,,Pikachu – Precious Collector Box Sword & Shield (323/S-P) (JP),323/S-P,05,,Grade Card,PSA 10,,1,," ¥ 27,950 ",#DIV/0!
124164961,2025,Trading Cards,Single Cards,Pokemon,,Rocket's Mew Two ex - special art rare (125/098) (JP),125/098,06,,Grade Card,PSA 10,,1,," ¥ 27,950 ",#DIV/0!
122116861,2023,Trading Cards,Single Cards,Pokemon,,Pikachu ex (001/030) (JP),001/030,07,,Grade Card,PSA 10,,1,," ¥ 25,800 ",#DIV/0!
154070167,2025,Trading Cards,Single Cards,Pokemon,,Pokemon M2a JP Pikachu ex - Special art rare (234/193) (JP),234/193,08,,Grade Card,PSA 10,,1,," ¥ 23,650 ",#DIV/0!
144975412,2021,Trading Cards,Single Cards,Pokemon,,Umbreon V – Eevee Heroes (085/069) (JP),085/069,09,,Grade Card,PSA 10,,1,," ¥ 22,575 ",#DIV/0!
141740478,2023,Trading Cards,Single Cards,Pokemon,,Pokemon SV3 JP Charizard ex Special art rare (134/108) (JP),134/108,10,,Grade Card,PSA 10,,1,," ¥ 21,500 ",#DIV/0!
,,,,,,,,,,,,,,,,
63519247,2023,Trading Cards,Single Cards,Pokemon,,Pikachu - Yu Nagaba x PCG Campaign (208/SV-P) (JP),208/S-P,11,,Grade Card,PSA 10,,1,," ¥ 13,975 ",#DIV/0!
127007625,2023,Trading Cards,Single Cards,Pokemon,,Umbreon - Yu Nagaba x PCG Campaign (067/SV-P) (JP),067/SV-P,12,,Grade Card,PSA 10,,1,," ¥ 10,965 ",#DIV/0!
101914230,2024,Trading Cards,Single Cards,Pokemon,,Umbreon – Master Ball Reverse Holo (092/187) (JP),092/187,13,,Grade Card,PSA 10,,1,," ¥ 9,890 ",#DIV/0!
145713787,2024,Trading Cards,Single Cards,Pokemon,,Pokemon SV8a JP Pikachu ex - Ultra rare (236/187) (JP),236/187,14,,Grade Card,PSA 10,,1,," ¥ 9,675 ",#DIV/0!
141530312,2024,Trading Cards,Single Cards,Pokemon,,Pokemon SV8a JP Pikachu ex - Super rare (122/106) (JP),122/106,15,,Grade Card,PSA 10,,1,," ¥ 6,450 ",#DIV/0!
136661237,2022,Trading Cards,Single Cards,Pokemon,,FA/Mew - Vstar universe (183/172) (JP),183/172,16,,Grade Card,PSA 10,,1,," ¥ 6,450 ",#DIV/0!
134762503,2023,Trading Cards,Single Cards,Pokemon,,Sylveon - Yu Nagaba x PCG Campaign (070/SV-P) (JP),070/SV-P,17,,Grade Card,PSA 10,,1,," ¥ 6,450 ",#DIV/0!
132360764,2023,Trading Cards,Single Cards,Pokemon,,Espeon - Yu Nagaba x PCG Campaign (066/SV-P) (JP),066/SV-P,18,,Grade Card,PSA 10,,1,," ¥ 6,020 ",#DIV/0!
128423458,2023,Trading Cards,Single Cards,Pokemon,,Vaporeon - Yu Nagaba x PCG Campaign (063/SV-P) (JP),063/SV-P,19,,Grade Card,PSA 10,,1,," ¥ 6,020 ",#DIV/0!
127501148,2023,Trading Cards,Single Cards,Pokemon,,Jolteon - Yu Nagaba x PCG Campaign (064/SV-P) (JP),064/SV-P,20,,Grade Card,PSA 10,,1,," ¥ 6,020 ",#DIV/0!
84834834,2023,Trading Cards,Single Cards,Pokemon,,Glaceon - Yu Nagaba x PCG Campaign (069/SV-P) (JP),069/SV-P,21,,Grade Card,PSA 10,,1,," ¥ 5,805 ",#DIV/0!
131576901,2023,Trading Cards,Single Cards,Pokemon,,Leafeon - Yu Nagaba x PCG Campaign (068/SV-P) (JP),068/SV-P,22,,Grade Card,PSA 10,,1,," ¥ 5,805 ",#DIV/0!
,,,,,,,,,,,,,,,,
144981217,2024,Trading Cards,Single Cards,Pokemon,,Flareon ex – Special Alternate Art (202/187) (JP),202/187,23,,Grade Card,PSA 10,,1,," ¥ 3,870 ",#DIV/0!
133426077,2025,Trading Cards,Single Cards,Pokemon,,Hydrapple - Art rare (068/063) (JP),068/063,24,,Grade Card,PSA 10,,1,," ¥ 1,613 ",#DIV/0!
136341769,2025,Trading Cards,Single Cards,Pokemon,,Pokemon M-P JP Riolu Mcdonald's (022/M-P) (JP),022/M-P,25,,Grade Card,PSA 10,,1,," ¥ 1,613 ",#DIV/0!
,2026,Trading Cards,Cases / Boxes / Packs,,,PSA,,26 - 50,,Grade Card,PSA 10,,46,," ¥ 73,600 ",#DIV/0!
,,,,,,,เฉลี่ย," ฿ 6,708 ",,,,,71,," ¥ 476,295 ",
,2026,Trading Cards,Cases / Boxes / Packs,,,Pack,OP16,51 - 450,,Grade Card,PSA 10,,929,," ¥ 123,867 ",0.00%
122159200,2017,Trading Cards,Single Cards,Pokemon,,Tohoku Pikachu – Pokemon Center Tohoku Reopenning (088/SM-P) (JP),088/SM-P, Last,,Grade Card,PSA 10,,1,," ¥ 66,650 ",#DIV/0!