npm run test:gacha-opening-video	0	2026-08-20T16:40:41Z	2026-08-20T16:40:42Z
npm run test:pack-opening-flow	0	2026-08-20T16:40:42Z	2026-08-20T16:40:42Z
npm run test:pack-open-pull-contract	0	2026-08-20T16:40:42Z	2026-08-20T16:40:43Z
npm run test:gacha-open-launch-safety	0	2026-08-20T16:40:43Z	2026-08-20T16:40:44Z
npm run test:gacha-open-performance	0	2026-08-20T16:40:44Z	2026-08-20T16:40:44Z
npm run test:gacha-open-bundle	0	2026-08-20T16:40:44Z	2026-08-20T16:40:44Z
npm run test:local-stock-subsku-flow	0	2026-08-20T16:40:44Z	2026-08-20T16:40:45Z
npm run test:subsku-images	0	2026-08-20T16:40:45Z	2026-08-20T16:40:46Z
npm run test:pack-open-privacy	1	2026-08-20T16:40:46Z	2026-08-20T16:40:47Z
npm run test:rate-limits	0	2026-08-20T16:40:47Z	2026-08-20T16:40:47Z
npm run typecheck	0	2026-08-20T16:40:47Z	2026-08-20T16:41:09Z
npm run lint	1	2026-08-20T16:41:09Z	2026-08-20T16:41:35Z
npm run cf:build:website	0	2026-08-20T16:41:35Z	2026-08-20T16:42:28Z
